id,Firstname,Lastname,Country,Age
100,Emilia,Sisile,Cook Islands,60
101,Patricia,Hylan,Finland,54
102,Glenda,Latini,Niue,78
103,Chandra,Gemini,Guinea-Bissau,31
104,Kore,Faust,Costa Rica,53
105,Trudie,Billye,Zimbabwe,20
106,Eadie,Martguerita,Slovakia,73
107,Amalie,Stover,Argentina,50
108,Mady,Ciapas,Reunion,80
109,Queenie,Elbertina,Mexico,22
110,Nadine,Couture,Saudi Arabia,82
111,Darlleen,Ackerley,Iceland,20
112,Debee,Himelman,Kenya,22
113,Adele,Carmena,Antarctica,56
114,Nannie,Lacombe,Thailand,80
115,Elise,Jarib,Tajikistan,68
116,Joleen,Fancie,Libyan Arab Jamahiriya,62
117,Rayna,Faso,Cayman Islands,64
118,Neila,Dreda,Syrian Arab Republic,72
119,Carmela,Thilda,Senegal,34
120,Gisela,Lytton,Morocco,32
121,Jinny,Suk,Swaziland,57
122,Kirbee,Alice,Turks and Caicos Islands,23
123,Claudina,Nelsen,Malta,82
124,Raquela,Alfons,Dominican Republic,59
125,Hildegaard,Susannah,Niger,82
126,Elise,Monaco,Paraguay,22
127,Yetty,Wittie,Cameroon,45
128,Christal,Pandolfi,Ukraine,82
129,Helsa,Desai,Tajikistan,34
130,Kaia,Tippets,Bouvet Island,44
131,Suzette,Pacorro,Zambia,36
132,Gisela,Cecile,Kenya,64
133,Elbertina,Hepsibah,Reunion,47
134,Amara,Mayeda,Saudi Arabia,65
135,Ricky,Thar,AndorrA,49
136,Clarice,Heisel,Kazakhstan,53
137,Jessamyn,Winnick,Falkland Islands (Malvinas),63
138,Mary,Norrie,Djibouti,36
139,Elmira,Sparhawk,Norfolk Island,84
140,Doro,Harl,El Salvador,77
141,Belinda,Silvan,Guadeloupe,41
142,Gabriellia,Clywd,Guinea,85
143,Jany,Anton,"Korea, Democratic People""S Republic of",39
144,Oona,Gibbeon,"Korea, Republic of",49
145,Katharina,Gower,Guinea-Bissau,53
146,Letizia,Manolo,Italy,58
147,Eve,Pelagias,Kuwait,84
148,Dotty,Podvin,British Indian Ocean Territory,51
149,Bill,Noam,"Micronesia, Federated States of",26
150,Leontine,Ingra,Seychelles,34
151,Valli,Bronk,Egypt,76
152,Tobe,Trace,Suriname,73
153,Frieda,Sadowski,"Virgin Islands, British",85
154,Nikki,Manolo,Tokelau,53
155,Babita,Corrine,Cyprus,47
156,Brandise,Dituri,Liechtenstein,73
157,Brietta,Ellerey,Burundi,57
158,Isa,Blase,Saudi Arabia,57
159,Jean,Eugenia,Gibraltar,48
160,Viviene,Durware,Guinea,23
161,Melisent,Allare,Serbia and Montenegro,38
162,Emylee,Gale,Slovakia,34
163,Ezmeralda,Mathilde,Viet Nam,29
164,Rosabelle,Lipson,Myanmar,33
165,Carly,Vernier,Morocco,50
166,Blake,Kristi,Turkmenistan,74
167,Pollyanna,Margarete,Belarus,59
168,Lorie,Raul,Panama,55
169,Tilly,Raul,Panama,66
170,Ileana,Bendick,Mali,35
171,Linzy,Loring,Australia,23
172,Trudie,Dash,New Zealand,45
173,Luci,Lalitta,Burkina Faso,82
174,Christy,Millda,Congo,35
175,Melisent,Whiffen,India,44
176,Aaren,Teryn,Palau,62
177,Jinny,Fiann,Congo,38
178,Darci,Kylander,Jordan,75
179,Zsa Zsa,Ahab,Equatorial Guinea,56
180,Inga,Bendick,Saint Pierre and Miquelon,20
181,Jillayne,Hessler,Paraguay,61
182,Berget,Persse,Marshall Islands,83
183,Blondelle,Ariella,Eritrea,43
184,Chere,Sperling,Swaziland,61
185,Riannon,Behre,Algeria,80
186,Damaris,Kronfeld,Yemen,59
187,Gwyneth,Kamaria,Cyprus,24
188,Janis,Tacye,Kenya,78
189,Nanete,Prouty,Saint Kitts and Nevis,22
190,Renie,Randene,Spain,74
191,Nananne,Connelly,Sao Tome and Principe,69
192,Libbie,Sophronia,Bahamas,60
193,Di,Konyn,Pakistan,85
194,Clarice,Haldas,"Iran, Islamic Republic Of",69
195,Kamilah,Jenness,Italy,26
196,Emylee,Adore,Zambia,32
197,Aurelie,Japeth,Papua New Guinea,74
198,Mathilda,Burkle,Benin,36
199,Stevana,Garrison,Jersey,41
200,Lynea,Darian,Romania,61
201,Raquela,Koehler,Italy,37
202,Dede,Fadiman,Iceland,77
203,Minda,Charmine,American Samoa,41
204,Bertine,Alva,Georgia,65
205,Brena,Stilwell,Saint Vincent and the Grenadines,37
206,Agathe,Sacken,Cape Verde,23
207,Brianna,Rossner,Congo,49
208,Bernardine,Skell,Morocco,57
209,Teriann,Phyllis,Tunisia,66
210,Oralee,Felizio,Viet Nam,55
211,Shaylyn,Santoro,Martinique,36
212,Kate,Heisel,"Tanzania, United Republic of",83
213,Kerrin,Elephus,Tajikistan,49
214,Stevana,Turne,Greece,55
215,Tomasina,Weinreb,Lithuania,72
216,Collen,Amand,Mauritius,29
217,Brynna,Lane,Serbia and Montenegro,26
218,Edith,Shirberg,Pitcairn,51
219,Susette,Larochelle,Saint Helena,34
220,Queenie,Isidore,Niger,34
221,Bill,Bartlett,Timor-Leste,82
222,Carolina,Anis,Mauritania,69
223,Meg,Georgy,Philippines,59
224,Kathy,Narton,Belarus,39
225,Tersina,Melony,Guatemala,38
226,Ulrike,Ferino,Netherlands,19
227,Donetta,Lorain,Sierra Leone,27
228,Sarette,Scammon,Latvia,25
229,Gui,Tatianas,Montserrat,65
230,Frances,Uund,Morocco,34
231,Lynnea,Hurley,Cape Verde,31
232,Dorene,Koziara,Guernsey,43
233,Celestyna,Dermott,"Congo, The Democratic Republic of the",49
234,Lacie,Maribeth,Niue,31
235,Romona,Raychel,Bulgaria,63
236,Lenna,Mike,El Salvador,85
237,Karolina,Kiyoshi,"Iran, Islamic Republic Of",85
238,Charlena,Rugen,Dominican Republic,31
239,Jerry,Goerke,Mongolia,30
240,Jenilee,Brandice,Georgia,53
241,Danika,Fredi,Kazakhstan,21
242,Stacey,Alfons,Antigua and Barbuda,34
243,Roz,Darian,Cocos (Keeling) Islands,59
244,Konstance,Tomasina,Haiti,73
245,Chloris,Kiersten,Trinidad and Tobago,32
246,Abbie,Jess,Thailand,64
247,Imojean,Quent,New Caledonia,71
248,Myrtice,Jehu,Martinique,57
249,Mary,Yusuk,Finland,53
250,Melanie,Turne,Cook Islands,26
251,Annecorinne,Gaulin,Samoa,26
252,Randa,Nisbet,Trinidad and Tobago,43
253,Mellicent,Rogerio,Eritrea,20
254,Eadie,Malina,Benin,21
255,Gabi,Weide,Haiti,22
256,Carilyn,Gaal,Marshall Islands,66
257,Karolina,Elisha,Algeria,53
258,Tierney,Nadia,Luxembourg,79
259,Carolina,Clarissa,Saint Kitts and Nevis,28
260,Cathyleen,Zamora,Canada,28
261,Emelina,Fancie,Brunei Darussalam,55
262,Annice,Huggins,Lithuania,78
263,Candy,O'Neill,Eritrea,48
264,Mildrid,Soneson,Italy,44
265,Phedra,Hanshaw,Swaziland,67
266,Joelly,Bates,Guinea,57
267,Katharina,Cavan,Estonia,79
268,Britte,Dulciana,China,29
269,Phedra,Lane,Belgium,18
270,Gerianna,Johnsson,Nigeria,35
271,Evita,Connelly,Guernsey,44
272,Jinny,Arvo,Dominica,76
273,Zsa Zsa,Noam,Bolivia,71
274,Viki,Bakerman,Nicaragua,81
275,Lynde,Leifeste,Ukraine,18
276,Misha,Selway,Georgia,44
277,Juliane,Wandie,Central African Republic,71
278,Tobe,Winthorpe,Canada,29
279,Bee,Johnsson,Israel,58
280,Nelle,Thar,Burundi,68
281,Roseline,Lanita,San Marino,31
282,Pearline,Cohdwell,Croatia,85
283,Consuela,Bashemeth,Kuwait,69
284,Chickie,Bergman,Belarus,36
285,Marnia,Swanhildas,Namibia,63
286,Roberta,Schenck,"Cote D""Ivoire",57
287,Jerry,Albertine,Chile,52
288,Lorenza,Kirstin,"Tanzania, United Republic of",39
289,Jenda,Gert,Uruguay,70
290,Bobinette,Christine,El Salvador,58
291,Melina,Kaja,Swaziland,34
292,Rhoda,Melleta,British Indian Ocean Territory,22
293,Leontine,Shaver,Vanuatu,51
294,Lanae,Romelda,Isle of Man,61
295,Leontine,Even,Sri Lanka,48
296,Gale,Tamsky,Spain,70
297,Nita,Toffic,French Southern Territories,76
298,Tracey,Delp,Sweden,52
299,Coral,Fadiman,Estonia,65
300,Celisse,Hermes,Saint Helena,62
301,Queenie,Capello,Hungary,35
302,Stacey,Brieta,Sweden,32
303,Hildegaard,Drus,Benin,76
304,Vinita,Lay,Nepal,42
305,Myrtice,Gale,French Polynesia,81
306,Dulcinea,Audly,Sri Lanka,85
307,Sibella,Cassius,Hong Kong,31
308,Felice,Shama,Ghana,85
309,Sean,Berl,Trinidad and Tobago,34
310,Sonni,Bach,Barbados,62
311,Sophia,Haldas,Poland,25
312,Kary,Kathie,United States,42
313,Moyna,Penelopa,Kiribati,29
314,Constance,Durware,Philippines,66
315,Annora,Cynar,Australia,58
316,Nessie,Morrill,Bahamas,78
317,Beverley,Orlene,Mozambique,71
318,Belinda,Roumell,Antigua and Barbuda,28
319,Nikki,Terrence,Ecuador,76
320,Sheelagh,Braun,Eritrea,58
321,Kimberley,Chrystel,Botswana,74
322,Leanna,Gabrielli,United Arab Emirates,61
323,Rhea,Dyche,China,29
324,Nataline,Tiffa,United Kingdom,63
325,Elsie,Cimbura,Cook Islands,70
326,Carly,Valoniah,Paraguay,30
327,Paule,Whittaker,Austria,21
328,Dione,Halsey,Ireland,76
329,Ericka,LaRue,Georgia,24
330,Paola,Shields,Costa Rica,44
331,Frances,Tippets,Israel,42
332,Ebonee,Ardeha,Bermuda,36
333,Aeriela,Nance,Saint Helena,26
334,Carolina,Zamora,Guinea-Bissau,67
335,Albertina,Ethban,Chile,42
336,Alejandra,Kamaria,Burundi,81
337,Jenda,Baudin,"Korea, Republic of",37
338,Carmela,Leary,Macao,60
339,Janenna,Gunn,Suriname,35
340,Bibby,Screens,Monaco,51
341,Tressa,Aprile,Estonia,21
342,Alia,Anis,Turks and Caicos Islands,20
343,Fawne,Tatianas,Saint Helena,21
344,Alameda,Bebe,Mexico,67
345,Harmonia,Bertold,Kuwait,22
346,Cordi,Pitt,Macao,55
347,Stevana,Artie,Angola,43
348,Ayn,Johanna,Faroe Islands,40
349,Elsie,Bonilla,Martinique,34
350,Madalyn,Sherrie,Saint Kitts and Nevis,55
351,Eadie,Gwenore,South Africa,59
352,Elie,Lowry,Bahrain,68
353,Max,Joeann,Dominican Republic,70
354,Adelle,Bakerman,Montserrat,83
355,Ardys,Ajay,Estonia,52
356,Mallory,Teryn,Ethiopia,61
357,Eugine,Montgomery,Burundi,42
358,Halette,Gombach,Cuba,78
359,Talya,Roumell,Guernsey,38
360,Belinda,Pulsifer,Christmas Island,33
361,Clary,Saunderson,Netherlands,79
362,Latisha,Konyn,Ireland,83
363,Patricia,Dichy,"Cote D""Ivoire",62
364,Esmeralda,Wenoa,Mayotte,21
365,June,Bakerman,Bahrain,20
366,Gratia,Holtz,Martinique,85
367,Sherrie,Ashely,Aruba,77
368,Bernardine,Amadas,Afghanistan,21
369,Inga,Torray,British Indian Ocean Territory,41
370,Felice,Bluh,Croatia,29
371,Concettina,Saunderson,Hong Kong,58
372,Kaia,Dituri,Afghanistan,25
373,Correy,Zitvaa,Saint Helena,29
374,Evita,Buckler,Pakistan,19
375,Michaelina,Hoenack,Aruba,41
376,Merci,Voletta,Albania,84
377,Christy,Remmer,Central African Republic,35
378,Nerta,Kellby,Cyprus,59
379,Thalia,Wyn,Grenada,29
380,Jillayne,Gamaliel,Romania,42
381,Merry,Seagraves,Argentina,19
382,Leona,Pettiford,Macao,62
383,Kathy,Craggie,Estonia,45
384,Tressa,Nea,Kuwait,85
385,Maryellen,Christal,Bermuda,35
386,Lanna,Ciapas,Netherlands Antilles,52
387,Collen,Naor,Myanmar,64
388,Joy,Adalbert,Ghana,75
389,Florencia,Soneson,Luxembourg,84
390,Gusella,Ciapas,Mozambique,78
391,Ayn,Lalitta,Malawi,54
392,Lusa,Casimir,Togo,25
393,Kial,Eliathas,RWANDA,82
394,Vinita,Arvo,Western Sahara,40
395,Talya,Glovsky,Bouvet Island,59
396,Jasmina,Dudley,Anguilla,34
397,Micheline,Isacco,Israel,79
398,Marcy,Odell,Switzerland,27
399,Cissiee,Kaja,"Congo, The Democratic Republic of the",56
400,Elora,Margret,Barbados,24
401,Karly,Obed,Australia,41
402,Daphne,Daegal,Malta,42
403,Clementine,Boycey,Mexico,69
404,Cathyleen,Khorma,Åland Islands,67
405,Jacenta,Ashely,Turkey,43
406,Arlena,Kunin,Switzerland,64
407,Farrah,Ries,Italy,44
408,Kary,Bigner,French Guiana,38
409,Kellen,Infield,Spain,84
410,Angelique,Morrill,United States,19
411,Lesly,Wenda,Holy See (Vatican City State),33
412,Bill,Rooney,Estonia,24
413,Dorene,Jethro,Montserrat,63
414,Myriam,Ledah,Zimbabwe,66
415,Susette,Masao,Myanmar,69
416,Marylou,Douglass,Saudi Arabia,43
417,Cyb,Graig,Monaco,46
418,Annice,Teddman,Eritrea,31
419,Chandra,Aloise,Svalbard and Jan Mayen,34
420,Elena,Harl,"Virgin Islands, British",77
421,Ilse,Meli,Ethiopia,25
422,Paulita,Pond,"Cote D""Ivoire",19
423,Gertrud,Natica,Monaco,67
424,Chrystel,Middleton,Burkina Faso,27
425,Micheline,Bendick,Eritrea,75
426,Karolina,Argus,Jordan,78
427,Gui,Scammon,"Korea, Republic of",35
428,Jaime,Lea,Guernsey,45
429,Lita,Amasa,Costa Rica,66
430,Judy,Behre,Libyan Arab Jamahiriya,27
431,Olivette,Arathorn,Panama,25
432,Justinn,Nisbet,Japan,33
433,Anica,Decato,Viet Nam,24
434,Brana,Hillel,Uruguay,31
435,Mamie,O'Rourke,Zimbabwe,76
436,Elyssa,Loring,Trinidad and Tobago,65
437,Margalo,Laverne,Ecuador,43
438,Violet,Yuille,Zimbabwe,80
439,Jan,Mathilde,"Korea, Democratic People""S Republic of",78
440,Jerry,Dorcy,Myanmar,48
441,Sissy,Fairweather,Benin,39
442,Andeee,Gregrory,Bouvet Island,46
443,Jennica,Saunderson,New Zealand,33
444,Annora,Marlie,Mauritius,63
445,Tiffie,Lareena,"Macedonia, The Former Yugoslav Republic of",46
446,Harrietta,Roche,Norway,62
447,Ofilia,Lorain,Saint Lucia,48
448,Ellette,Hartnett,British Indian Ocean Territory,71
449,Henriette,Jethro,Burundi,85
450,Carilyn,Gabrielli,"Iran, Islamic Republic Of",78
451,Christy,Shaddock,Dominican Republic,29
452,Jan,Bendick,Nepal,21
453,Noelle,Hepsibah,American Samoa,35
454,Viviene,Lewes,Dominica,23
455,Beverley,Schlosser,Ecuador,44
456,Cathyleen,Breed,Malta,35
457,Louella,Krystle,India,41
458,Claresta,Rossner,Austria,40
459,Merci,Granoff,Turkey,39
460,Marcy,Gaal,Cayman Islands,32
461,Jessamyn,Hull,Bulgaria,62
462,Angelique,Codding,France,20
463,Raina,Urania,Djibouti,35
464,Fanny,Reneta,Morocco,58
465,Clarice,Muriel,"Iran, Islamic Republic Of",55
466,Glynnis,Crudden,Antarctica,64
467,Gerianna,Gower,Thailand,20
468,Nessie,Gregrory,Barbados,45
469,Codie,Sherrie,Monaco,68
470,Lindie,Sperling,Djibouti,59
471,Noelle,Olin,Tonga,43
472,Priscilla,Ade,"Lao People""S Democratic Republic",72
473,Rani,Earlie,Sierra Leone,57
474,Merry,Manolo,South Africa,79
475,Gwenneth,Andrel,Mayotte,58
476,Corene,Maisey,Azerbaijan,72
477,Cyb,Prouty,Pitcairn,39
478,Glynnis,Barbey,Mauritania,68
479,Libbie,Serilda,Bahrain,38
480,Corina,Mendez,New Zealand,84
481,Tobe,Lorenz,Sri Lanka,44
482,Leanna,Ailyn,Japan,51
483,Katuscha,Revkah,Guyana,79
484,Sarette,Delila,Norfolk Island,46
485,Konstance,Swanhildas,Cayman Islands,74
486,Jean,Shelba,Lithuania,70
487,Carolina,Wyn,United Kingdom,60
488,Chandra,Salchunas,Tonga,58
489,Aryn,Kare,Puerto Rico,70
490,Tani,Dawkins,Wallis and Futuna,32
491,Marinna,Felecia,Sudan,52
492,Paule,Devlen,Guadeloupe,72
493,Pamella,Darbie,Chile,36
494,Sherrie,Allina,Samoa,77
495,Daryl,Berl,Mexico,51
496,Ana,Haymes,Nepal,45
497,Norine,Noman,Niue,37
498,Jinny,Blase,"Lao People""S Democratic Republic",20
499,Ingrid,Euridice,Timor-Leste,50
500,Luci,Faro,Equatorial Guinea,32
501,Marnia,Eiser,Ecuador,64
502,Millie,Killigrew,Singapore,71
503,Brooks,Jacobah,Grenada,45
504,Shannah,Rosalba,"Korea, Republic of",84
505,Britte,Brotherson,"Congo, The Democratic Republic of the",82
506,Meriel,Marisa,Western Sahara,40
507,Carly,Cosenza,Solomon Islands,77
508,Annora,Salchunas,Isle of Man,64
509,Noelle,Arley,Antarctica,43
510,Tami,Radu,Nicaragua,77
511,Nerta,Carlson,Guatemala,70
512,Brietta,Daniele,Romania,60
513,Gui,Catie,Portugal,38
514,Jacquetta,Alcott,Ireland,47
515,Lynea,Bollay,Chile,37
516,Christy,Aida,Somalia,76
517,Andeee,Jotham,Falkland Islands (Malvinas),61
518,Emma,Pettiford,Myanmar,37
519,Amelia,Ries,Equatorial Guinea,80
520,Dorothy,Fadiman,Lithuania,20
521,Robbi,Merell,Guyana,22
522,Trixi,Rona,India,33
523,Mildrid,Swigart,Latvia,18
524,Molli,Madaih,Lesotho,77
525,Karlee,Payson,Slovenia,48
526,Angelique,Rubie,Seychelles,70
527,Bee,Mich,Slovakia,61
528,Fernande,Halla,"Taiwan, Province of China",66
529,Rayna,Syd,Guyana,18
530,Orelia,Margret,Latvia,48
531,Vinita,Elo,Italy,26
532,Etta,Nedrud,Timor-Leste,68
533,Melodie,Bethany,Malaysia,46
534,Ernesta,Bettine,New Zealand,40
535,Magdalena,Izaak,Hungary,68
536,Liana,Lorain,San Marino,60
537,Hannis,Tybald,Poland,20
538,Jsandye,Kevon,Egypt,49
539,Pollyanna,Calhoun,Heard Island and Mcdonald Islands,51
540,Shirlee,Rurik,Macao,22
541,Danny,Riva,Tuvalu,68
542,Vevay,Lareena,Cook Islands,57
543,Feliza,Koehler,Jamaica,62
544,Ricky,Haldas,Somalia,28
545,Dorice,Payson,Paraguay,20
546,Adele,Sadowski,Argentina,21
547,Anthia,Iiette,Peru,72
548,Leontine,Gavrila,Dominica,73
549,Valera,Eno,Poland,46
550,Elbertina,Anastatius,Benin,37
551,Laure,Shaddock,New Zealand,39
552,Ketti,Jarib,RWANDA,58
553,Cyb,Ovid,Afghanistan,42
554,Tierney,Madaih,Montserrat,60
555,Karina,Zachary,Liechtenstein,81
556,Nadine,Blase,Eritrea,62
557,Judy,Dawkins,Tunisia,35
558,Leona,Obed,"Tanzania, United Republic of",76
559,Minne,Adalbert,Canada,57
560,Stevana,Milde,"Taiwan, Province of China",70
561,Lucille,Ciro,Botswana,82
562,Perry,Morehouse,Guinea,65
563,Berget,Corabella,Saint Helena,66
564,Goldie,Guthrie,Tunisia,69
565,Angelique,Ursulette,Guyana,84
566,Layla,Sinegold,Reunion,57
567,Bee,Ader,Gibraltar,74
568,Laurene,Publia,Zimbabwe,79
569,Oralee,Edee,"Cote D""Ivoire",70
570,Imojean,Ball,Gabon,30
571,Robbi,Dearborn,French Polynesia,29
572,Madeleine,Hutchison,British Indian Ocean Territory,42
573,Jessy,Kesley,Dominica,78
574,Deedee,Ciapas,Cyprus,53
575,Nyssa,Donell,Bangladesh,61
576,Corly,Ortrude,Barbados,18
577,Lulita,Randene,"Cote D""Ivoire",31
578,Amalie,Edison,Vanuatu,50
579,Tressa,Cath,Croatia,32
580,Wynne,Cottle,Guyana,51
581,Leontine,Ummersen,Brazil,66
582,Jacenta,Faust,Bhutan,41
583,Kamilah,Faso,Lebanon,26
584,Annecorinne,Eno,Uganda,58
585,Lenna,Zuzana,"Moldova, Republic of",82
586,Brynna,Alcott,Chad,57
587,Loree,Brian,Czech Republic,57
588,Priscilla,Junie,Svalbard and Jan Mayen,44
589,Blake,Pyle,Colombia,71
590,Netty,Selway,Ukraine,74
591,Selia,Juan,Haiti,24
592,Elka,Tufts,Japan,72
593,Melanie,Tomasina,Georgia,52
594,Carmela,Croix,Trinidad and Tobago,82
595,Vevay,Whittaker,Guinea-Bissau,29
596,Romona,Kolnick,Hong Kong,20
597,Fanchon,Morgun,Bahamas,37
598,Allyce,Simmonds,Finland,64
599,Shaylyn,O'Rourke,"Iran, Islamic Republic Of",22
600,Madalyn,Gusella,Sri Lanka,31
601,Veda,Carolin,Macao,26
602,Rayna,Heisel,Kazakhstan,45
603,Lynea,Ardra,Turkey,67
604,Ruthe,Sheng,Dominican Republic,72
605,Therine,Meli,Turks and Caicos Islands,50
606,Dagmar,Garrison,Canada,58
607,Jackie,Bakerman,Grenada,54
608,Jennica,Norrie,Macao,64
609,Adriana,Cloris,Netherlands Antilles,28
610,Ivett,Michella,Uzbekistan,40
611,Clarice,Desai,Cayman Islands,35
612,Tiffie,Sophronia,Gabon,55
613,Margarette,Radu,Ukraine,82
614,Cassondra,Nore,Paraguay,32
615,Charlena,Freddi,Bosnia and Herzegovina,57
616,Veda,Alrich,Morocco,80
617,Rosabelle,Anestassia,Togo,25
618,Kara-Lynn,Tufts,Suriname,32
619,Rani,Ietta,Mongolia,30
620,Lanae,Morrill,Malawi,80
621,Dulcinea,Diann,Cayman Islands,38
622,Jessy,Scammon,Marshall Islands,58
623,Meriel,Morgun,Heard Island and Mcdonald Islands,47
624,Brietta,Cecile,Brunei Darussalam,78
625,Merle,Niles,Benin,70
626,Carmela,Primalia,Bhutan,50
627,Valli,Gamaliel,"Iran, Islamic Republic Of",63
628,Aurore,Vale,Djibouti,61
629,Jolyn,Eno,Belize,63
630,Gilligan,Dowski,Guinea,65
631,Arlina,Magdalen,Hungary,58
632,Nita,Breed,"Palestinian Territory, Occupied",59
633,Tera,Lilas,Senegal,75
634,Nariko,Martsen,Slovenia,64
635,Oona,Phaidra,Chad,66
636,Annora,Loeb,Haiti,83
637,Bibby,Kirbee,Barbados,48
638,Evita,Marijo,Papua New Guinea,80
639,Steffane,Salvidor,Burkina Faso,47
640,Sheree,Bendick,Kenya,83
641,Ethel,Ralfston,Lithuania,31
642,Wynne,Yorick,RWANDA,57
643,Marinna,Celestine,Pitcairn,42
644,Hermione,Kaja,Cocos (Keeling) Islands,84
645,Reeba,Sikorski,Georgia,27
646,Kelly,Konyn,Croatia,39
647,Georgina,Romelda,"Congo, The Democratic Republic of the",46
648,Lonnie,Emmy,Brazil,20
649,Almeta,Neva,Kiribati,38
650,Oona,Briney,Maldives,69
651,Vinita,Shama,Bahamas,44
652,Georgetta,Darian,Kiribati,79
653,Susan,Honoria,Azerbaijan,47
654,Alejandra,Sherrie,Colombia,85
655,Cyb,Old,Nepal,29
656,Deedee,Valerio,Romania,22
657,Hannis,McLaughlin,Slovakia,38
658,Kristina,Masao,South Africa,84
659,Cyndie,Hourigan,Lithuania,25
660,Melina,Ivens,Macao,48
661,Layla,Wiener,American Samoa,57
662,Marylou,Voletta,Holy See (Vatican City State),73
663,Meg,Monk,Ethiopia,32
664,Brooks,Kauppi,Germany,43
665,Emma,Ackerley,Switzerland,47
666,Verla,Sherrie,Croatia,40
667,Shauna,Aurelio,Tonga,45
668,Laurene,Bonucci,"Tanzania, United Republic of",38
669,Ardeen,Bronk,Malawi,58
670,Constance,Chandler,French Southern Territories,76
671,Karlee,Wilkinson,Singapore,76
672,Alisha,Klemperer,Cuba,61
673,Verla,Haerr,Afghanistan,45
674,Camile,Quinn,"Macedonia, The Former Yugoslav Republic of",59
675,Therine,Blisse,Norfolk Island,56
676,Ermengarde,Yusuk,Malta,72
677,Esmeralda,Danby,Samoa,84
678,Maud,Kinnard,Equatorial Guinea,45
679,Tori,Longfellow,Greenland,49
680,Berget,Nicoline,Barbados,39
681,Odessa,Colp,Malta,24
682,Rosabelle,Capello,Fiji,85
683,Yolane,Zachary,Ireland,32
684,Binny,Dermott,Barbados,52
685,Kirbee,Mallon,Niger,40
686,Gwenneth,Tomasina,Uzbekistan,36
687,Audrie,Sasnett,Slovenia,30
688,Bibby,Kylander,Central African Republic,37
689,Donnie,Means,Viet Nam,74
690,Shaine,Diann,Yemen,37
691,Peri,Lane,Germany,55
692,Jeanna,Modie,Paraguay,72
693,Basia,Wu,Croatia,66
694,Cecile,Estella,Ireland,73
695,Kara-Lynn,Luhe,Isle of Man,56
696,Ebonee,Cavan,Pakistan,54
697,Rosene,Annabella,Bulgaria,74
698,Bernardine,Garrison,Liberia,69
699,Tina,Vivle,Slovenia,77
700,Josephine,Leifeste,Cuba,85
701,Emelina,Wittie,AndorrA,36
702,Stephanie,Destinee,Djibouti,58
703,Coral,Warthman,Gambia,26
704,Beatriz,Holbrook,Equatorial Guinea,75
705,Ricky,Ludewig,Bhutan,53
706,Riannon,Joni,China,82
707,Ellette,Eno,El Salvador,75
708,Juliane,Carbo,Colombia,39
709,Carly,Camden,Åland Islands,20
710,Deedee,Sekofski,Greenland,83
711,Ana,Abbot,"Cote D""Ivoire",64
712,Deirdre,Elisha,Kyrgyzstan,39
713,Marjie,Maurine,"Moldova, Republic of",28
714,Jaclyn,Carey,Fiji,62
715,Hannis,Desai,Myanmar,52
716,Lacie,Rosemary,Tajikistan,41
717,Bernie,Kermit,Mayotte,49
718,Sherrie,Dom,Bahrain,31
719,Aaren,Durante,"Virgin Islands, U.S.",47
720,Cristabel,Toffic,Bangladesh,32
721,Raina,Stelle,Germany,85
722,Carly,Dermott,Luxembourg,45
723,Millie,Standing,Nepal,18
724,Evita,Simmonds,Seychelles,80
725,Nollie,Berne,Saint Helena,54
726,Dawn,Grimbly,Russian Federation,46
727,Fanchon,Jerold,Namibia,34
728,Roxane,Cordi,Czech Republic,46
729,Lexine,Georgy,Niue,80
730,Eve,Buckler,Central African Republic,50
731,Tera,Bahr,Cayman Islands,43
732,Stephanie,Vary,Kenya,20
733,Kirstin,Mallon,"Tanzania, United Republic of",66
734,Gabriellia,Tatianas,Uruguay,19
735,Dorice,Lesley,Niue,39
736,Etta,Raychel,Bouvet Island,75
737,Tonia,Sparhawk,Puerto Rico,75
738,Gwyneth,Chesna,Brazil,22
739,Christal,Vharat,Antigua and Barbuda,38
740,Ariela,Schlosser,Cyprus,28
741,Goldie,Egbert,Cocos (Keeling) Islands,61
742,Corry,Hanshaw,Timor-Leste,46
743,Nyssa,Philipp,Maldives,54
744,Kelly,Malanie,Uganda,65
745,Merle,Leler,Argentina,27
746,Althea,Blisse,Isle of Man,24
747,Cyb,Weitman,Paraguay,58
748,Sybille,Dalli,Gabon,18
749,Amelia,Ledah,Peru,84
750,Tarra,Natalia,Oman,39
751,Cecile,Carolin,South Africa,54
752,Tatiania,Hertzfeld,Trinidad and Tobago,42
753,Lulita,Burch,Central African Republic,36
754,Rosabelle,Dulciana,American Samoa,38
755,Deirdre,Merat,Mali,63
756,Willetta,Andrel,Indonesia,19
757,Constance,Joli,Djibouti,82
758,Brianna,Casimir,Viet Nam,81
759,Blondelle,Suk,Indonesia,80
760,Teddie,Verger,Dominica,37
761,Ninnetta,Ammann,Guinea-Bissau,37
762,Lolita,Haymes,Malaysia,53
763,Esmeralda,Isidore,Croatia,55
764,Chere,Yusuk,Zambia,39
765,Cacilie,Pelagias,Georgia,75
766,Wanda,Colp,Senegal,68
767,Winifred,Holtz,Falkland Islands (Malvinas),51
768,Jacenta,Lymann,Gibraltar,58
769,Lexine,Mallon,Libyan Arab Jamahiriya,40
770,Leanna,Bennie,Singapore,64
771,Priscilla,Gaulin,Gabon,55
772,Suzette,Gower,Kyrgyzstan,21
773,Dorothy,Karna,Peru,76
774,Theodora,Wenda,"Congo, The Democratic Republic of the",70
775,Dominga,Kussell,Austria,61
776,Luci,Kelula,Sao Tome and Principe,22
777,Lucille,Buckler,Madagascar,69
778,Taffy,Adalbert,Algeria,37
779,Taffy,Atonsah,Thailand,57
780,Korrie,Klemperer,India,45
781,Lilith,Erminia,Guernsey,51
782,Ada,Orpah,Guinea-Bissau,77
783,Reeba,O'Carroll,Tokelau,85
784,Kassey,Reneta,Reunion,28
785,Lyssa,Haerr,Central African Republic,63
786,Jemie,Faust,Dominica,50
787,Sophia,Weaks,"Tanzania, United Republic of",38
788,Josephine,Allina,Kiribati,85
789,Dione,Heidt,Norfolk Island,59
790,Lelah,Flita,Bahrain,70
791,Blinni,Tybald,Guyana,29
792,Madalyn,Mike,Uzbekistan,35
793,Krystle,Brieta,Thailand,82
794,Sheree,Aprile,Kyrgyzstan,58
795,Beatriz,Jarib,Montserrat,82
796,Cam,Merat,Mauritania,43
797,Mireielle,Cadmar,"Cote D""Ivoire",21
798,Susan,Koziara,Bhutan,67
799,Isa,Greenwald,Jordan,81
800,Tamqrah,Sammons,United States Minor Outlying Islands,75
801,Lily,Konyn,Palau,19
802,Raina,Pelagias,China,40
803,Blondelle,Bach,Ecuador,59
804,Christy,Faust,Uruguay,20
805,Johna,Raffo,Ecuador,58
806,Ekaterina,Danby,Jersey,75
807,Sidoney,Forrer,Syrian Arab Republic,46
808,Farrah,Melony,Mayotte,42
809,Krystle,Teddman,Bolivia,22
810,Candy,Shields,Canada,54
811,Lita,Saint,Barbados,50
812,Aigneis,Maribeth,Gabon,19
813,Carree,Sparhawk,Martinique,74
814,Morganica,Ahab,"Moldova, Republic of",49
815,Annice,Florina,Iraq,60
816,Hyacinthe,Malvino,Serbia and Montenegro,49
817,Oralee,An,Kazakhstan,83
818,Gwyneth,Yorick,Tunisia,26
819,Noelle,Arne,Falkland Islands (Malvinas),54
820,Sissy,Carlson,Belgium,25
821,Roberta,Hourigan,Kyrgyzstan,48
822,Donnie,Pelagias,Svalbard and Jan Mayen,46
823,Leia,Killigrew,Jordan,24
824,Aryn,Faust,Albania,20
825,Orsola,Wyn,Samoa,74
826,Corry,Dichy,"Macedonia, The Former Yugoslav Republic of",37
827,Annice,Harl,Poland,43
828,Lacie,Kare,Lebanon,76
829,Jenilee,Phaidra,Hungary,64
830,Lorne,Lane,Liberia,30
831,Nita,Drus,Tunisia,60
832,Pearline,Dorothy,Uganda,71
833,Estell,McNully,Poland,35
834,Amara,Irmine,Botswana,61
835,Adelle,Bigner,Mozambique,37
836,Tracey,Dudley,Cyprus,53
837,Cherrita,Malanie,Gibraltar,58
838,Cassandra,Dermott,United States Minor Outlying Islands,22
839,Elbertina,Bettine,Angola,55
840,Shel,Mott,Cook Islands,29
841,Aubrie,Crudden,Ghana,62
842,Dawn,Gunn,Jordan,43
843,Shauna,Jagir,Bahamas,18
844,Taffy,Andrel,Australia,82
845,Fayre,Zitvaa,Greece,85
846,Constance,Giff,Tokelau,56
847,Tera,Weide,Canada,25
848,Corly,Tatianas,"Lao People""S Democratic Republic",57
849,Briney,Rossner,Eritrea,52
850,Ashlee,Demitria,Montserrat,66
851,Cristine,McCutcheon,Isle of Man,46
852,Emmey,Macey,Guyana,30
853,Harrietta,Mathilde,New Zealand,62
854,Kristan,Markman,Burundi,74
855,Alejandra,Jefferey,Singapore,24
856,Dorene,Lorain,Jordan,67
857,Henriette,Casimir,Bosnia and Herzegovina,81
858,Yvonne,Yate,Lebanon,81
859,Sharai,Pip,Namibia,74
860,Tina,Halsey,Norfolk Island,54
861,Sashenka,Duwalt,Tajikistan,57
862,Edith,Maisey,Slovakia,30
863,Cherilyn,Khorma,American Samoa,21
864,Queenie,Arley,American Samoa,52
865,Doralynne,Fleeta,Nepal,23
866,Fred,Fry,United Kingdom,29
867,Chickie,Tatianas,Oman,24
868,Winny,Terencio,Belgium,76
869,Dari,Brandice,Anguilla,83
870,Kate,Alice,Swaziland,49
871,Agathe,Aprile,"Tanzania, United Republic of",64
872,Carol-Jean,Macey,Norfolk Island,82
873,Charlena,Peti,United States Minor Outlying Islands,47
874,Karolina,Infield,Lithuania,51
875,Melisent,Anderea,Tokelau,45
876,Tressa,Damarra,Spain,30
877,Briney,Kauppi,Afghanistan,84
878,Melodie,Orpah,"Korea, Democratic People""S Republic of",50
879,Hettie,Corabella,Turkmenistan,57
880,Charmaine,Hortensia,Heard Island and Mcdonald Islands,45
881,Stephanie,Grayce,Equatorial Guinea,19
882,Eadie,Whittaker,Falkland Islands (Malvinas),79
883,Elmira,Byrne,Nauru,83
884,Amara,Vacuva,Serbia and Montenegro,72
885,Ardenia,Michella,United States Minor Outlying Islands,48
886,Cyb,Mozelle,Bolivia,45
887,Frank,Francyne,Gibraltar,50
888,Genevra,Maribeth,Greenland,26
889,Almeta,Colyer,Liberia,53
890,Josephine,Janith,Serbia and Montenegro,42
891,Fredericka,Dom,Jersey,55
892,Joy,Chinua,"Palestinian Territory, Occupied",57
893,Aaren,Cressida,Burkina Faso,35
894,Cyb,Raul,Mali,32
895,Adriana,Berard,Slovakia,21
896,Ottilie,Fiann,Nigeria,23
897,Vinita,Kinnard,Slovakia,28
898,Larine,Lymann,Lesotho,76
899,Berta,Felizio,Sweden,61
900,Dari,Peti,"Korea, Democratic People""S Republic of",64
901,Deane,Peti,Indonesia,24
902,Chickie,Jaylene,"Virgin Islands, British",68
903,Ezmeralda,Nikaniki,Paraguay,67
904,Calla,Allare,Italy,21
905,Patricia,Payson,Åland Islands,32
906,Sabina,Markman,RWANDA,80
907,Lacie,Giule,Myanmar,56
908,Gabriellia,Paine,Poland,57
909,Annora,Stuart,Madagascar,35
910,Alyda,Albertine,Iraq,81
911,Judy,Tengdin,Australia,52
912,Corina,Llovera,Holy See (Vatican City State),76
913,Mathilda,Heidt,Iraq,51
914,Rubie,Letsou,American Samoa,42
915,Leona,Leary,Slovakia,41
916,Mallory,Goth,Brazil,24
917,Randa,Marisa,Ethiopia,40
918,Tori,Cassius,Brazil,83
919,Marinna,Schlosser,Norway,54
920,Roslyn,Yorick,Papua New Guinea,41
921,Brynna,Doig,Guam,85
922,Blinni,Rogerio,Maldives,64
923,Viki,Ries,Ghana,80
924,Dulcinea,Hewitt,Cook Islands,32
925,Therine,Vale,Malta,64
926,Jessy,Beniamino,American Samoa,78
927,Valli,Gusella,Nauru,65
928,Danika,Gert,Ukraine,69
929,Danika,Lorain,Tunisia,44
930,Meghann,Han,Paraguay,74
931,Janis,Daveta,Grenada,32
932,Rayna,Idelia,Gibraltar,78
933,Starla,Septima,Burkina Faso,35
934,Renie,Gordon,Falkland Islands (Malvinas),59
935,Tobe,Felizio,Libyan Arab Jamahiriya,56
936,Ronna,Phaidra,Brazil,66
937,Sissy,Zeeba,Czech Republic,80
938,Vevay,Alva,Zimbabwe,66
939,Deedee,Frendel,"Micronesia, Federated States of",82
940,Collen,Bryna,Aruba,59
941,Wilma,Edvard,AndorrA,74
942,Ezmeralda,Ursulette,Greenland,81
943,Heddie,Margarete,Denmark,80
944,Ardys,Posner,Timor-Leste,82
945,Chloris,Rosalba,Austria,23
946,Lorie,Marcellus,Kenya,78
947,Josephine,Iiette,Netherlands,77
948,Abbie,Teryn,Bermuda,52
949,Selia,Hathaway,Jordan,36
950,Paule,Bettine,Saint Helena,31
951,Ilse,Elvyn,Finland,20
952,Queenie,Hillel,Iceland,62
953,Dianemarie,Lorenz,Colombia,27
954,Ardeen,Bandeen,Cook Islands,35
955,Katleen,Clywd,Poland,40
956,Deane,Tryck,India,31
957,Wileen,Noman,Czech Republic,25
958,Xylina,Alrich,New Zealand,73
959,Romona,Swanhildas,Portugal,38
960,Dari,Rillings,Botswana,28
961,Olwen,Jacobah,Luxembourg,72
962,Ida,Rona,Liechtenstein,55
963,Lexine,Harned,Jersey,44
964,Kate,Hourigan,Norfolk Island,60
965,Arlena,Klotz,Austria,43
966,Tressa,Lewes,Martinique,36
967,Lyssa,Vanni,Morocco,28
968,Jean,Phi,Indonesia,55
969,Philis,Zola,Malawi,19
970,Mathilda,Telfer,"Micronesia, Federated States of",74
971,Nanete,Markman,Mexico,18
972,Cherrita,Mata,Liberia,26
973,Antonietta,Ramona,Tokelau,32
974,Shandie,Damarra,San Marino,79
975,Paulita,Gualtiero,"Virgin Islands, U.S.",81
976,Cissiee,Raychel,Cook Islands,25
977,Gianina,Klotz,Estonia,32
978,Larine,Amasa,China,82
979,Chandra,Phaidra,Australia,33
980,Arlena,Jarib,French Southern Territories,62
981,Dale,Holtz,Poland,77
982,Ida,Charmine,"Taiwan, Province of China",80
983,Shaylyn,Denis,"Tanzania, United Republic of",22
984,Liana,Edee,Saint Kitts and Nevis,51
985,Bertine,Bohlin,Kiribati,72
986,Concettina,Serilda,Chad,77
987,Dulcinea,Han,Austria,28
988,Sara-Ann,Giule,Guam,69
989,Lucille,Virgin,Svalbard and Jan Mayen,79
990,Keelia,Schonfeld,Congo,79
991,Mallory,Lail,France,42
992,Nadine,Cynar,San Marino,80
993,Diena,Tybald,Malta,18
994,Felice,Cherianne,Georgia,41
995,Shell,Phi,Holy See (Vatican City State),85
996,Joleen,Marisa,Sao Tome and Principe,58
997,Glenda,Federica,Venezuela,60
998,Maridel,Wenda,Afghanistan,29
999,Ellette,Donell,India,49
1000,Luci,Irmine,Fiji,83
1001,Deirdre,Halsey,Cape Verde,76
1002,Lucy,Amasa,Mauritania,51
1003,Gerianna,Henrie,"Korea, Democratic People""S Republic of",62
1004,Theodora,Harned,Armenia,59
1005,Esmeralda,Diogenes,Gabon,49
1006,Rhoda,Lacombe,Bulgaria,21
1007,Tonia,Kamaria,Malta,34
1008,Myrtice,Celestine,Estonia,56
1009,Lacie,Giule,Somalia,62
1010,Christal,Center,United States Minor Outlying Islands,29
1011,Margette,Colleen,Guadeloupe,73
1012,Flory,Dudley,Costa Rica,66
1013,Magdalena,Durware,Samoa,26
1014,Ebonee,Laverne,Malta,78
1015,Alejandra,Esmaria,Guinea-Bissau,25
1016,Celisse,Loring,Christmas Island,70
1017,Olwen,Eiser,Jamaica,36
1018,Asia,Verger,Tajikistan,22
1019,Morganica,Dex,Norway,75
1020,Aryn,Gregrory,Slovakia,24
1021,Clary,Darian,Iraq,48
1022,Gerrie,Clara,Bermuda,43
1023,Britni,Selway,Tonga,29
1024,Libbie,Grosz,"Virgin Islands, British",78
1025,Elise,Ciro,Bouvet Island,18
1026,Arlina,Madelene,"Korea, Republic of",78
1027,Collen,Margarete,Burkina Faso,70
1028,Penelopa,Charity,Palau,68
1029,Fredericka,Joachim,Sudan,77
1030,Janenna,Merell,Uruguay,21
1031,Lauryn,Gino,"Korea, Republic of",27
1032,Ayn,Vins,Madagascar,67
1033,Corly,Rogerio,Reunion,74
1034,Stephanie,Emerson,Bangladesh,39
1035,Florie,Grobe,Puerto Rico,60
1036,Donnie,Cavan,Mauritius,66
1037,Jinny,Alabaster,Bulgaria,41
1038,Coral,Eachern,Romania,20
1039,Agathe,Alexandr,Mali,25
1040,Eve,Hillel,Cambodia,83
1041,Annabela,Tice,Yemen,20
1042,Fawne,Colbert,Netherlands,45
1043,Ethel,Duwalt,Bolivia,74
1044,Luci,Cohdwell,San Marino,33
1045,Maud,Keelia,Sudan,83
1046,Lorenza,Goddard,Antarctica,36
1047,Netty,Borrell,Western Sahara,37
1048,Andeee,Bluh,Burundi,57
1049,Nadine,Shaddock,Zambia,30
1050,Nikki,Gherardo,Jamaica,42
1051,Annecorinne,Tristram,Ghana,38
1052,Katharina,Dom,"Moldova, Republic of",21
1053,Lilith,Podvin,Peru,64
1054,Andree,LaRue,Nepal,51
1055,Brooks,Miru,Christmas Island,72
1056,Lita,Stanwood,Qatar,52
1057,Clary,Yoko,Czech Republic,68
1058,Juliane,Bates,Togo,84
1059,Frank,Kinnard,"Congo, The Democratic Republic of the",33
1060,Carlie,Shuler,Slovakia,28
1061,Jere,Suanne,Jordan,30
1062,Kathi,Tound,Yemen,85
1063,Fred,Phyllis,Norway,74
1064,Consuela,Skell,Antarctica,68
1065,Giustina,Geffner,Mauritania,59
1066,Jenda,Lattie,Isle of Man,37
1067,Gilligan,Bethany,Kenya,32
1068,Gerianna,Lutero,Central African Republic,28
1069,Lenna,Ilka,Kyrgyzstan,24
1070,Deloria,Strephon,Armenia,31
1071,Molli,Morgun,Norfolk Island,43
1072,Janeczka,Sheng,Colombia,84
1073,Collen,Faso,Bosnia and Herzegovina,79
1074,Genevra,Leffen,Denmark,70
1075,Dulce,Natica,Singapore,29
1076,Belinda,Olnee,"Macedonia, The Former Yugoslav Republic of",69
1077,Dacia,Ietta,Burundi,46
1078,Sonni,Chapland,Belgium,55
1079,Mellicent,Iaverne,Barbados,79
1080,Celisse,Morehouse,France,83
1081,Laurene,Natalia,Serbia and Montenegro,82
1082,Sam,Joachim,Iraq,22
1083,Sherrie,Ciro,Iraq,39
1084,Elyssa,Dyche,Lebanon,52
1085,Lulita,Nance,Peru,75
1086,Tonia,Hathaway,Japan,67
1087,Katleen,Rosemary,Portugal,34
1088,Fawne,Shirberg,Kyrgyzstan,59
1089,Rosabelle,Geffner,Cambodia,67
1090,Karina,Tice,Martinique,72
1091,Debee,Pierette,Bahamas,41
1092,Candi,Garek,Venezuela,69
1093,Carmencita,Garrison,Papua New Guinea,68
1094,Ottilie,Morrill,Malawi,25
1095,Diena,Gordon,Netherlands Antilles,42
1096,Bertine,Rurik,Liechtenstein,68
1097,Tina,Durware,Jordan,32
1098,Farrah,Rosalba,"Cote D""Ivoire",35
1099,Mamie,Hathaway,"Cote D""Ivoire",21